ItemStemID,ItemStemLanguage,Respondent,ItemStemContentID,ItemStemFullText,ItemStemSource
1,1,1,1,"I am afraid of being in crowded places (like shopping centers, the movies, buses, busy playgrounds)",
2,1,1,2,I feel afraid that I will make a fool of myself in front of people,
3,1,1,3,I feel afraid if I have to talk in front of my class,
4,1,1,4,I get bothered by bad or silly thoughts or pictures in my mind,
5,1,1,5,I cannot think clearly,
6,1,1,6,I can't seem to get bad or silly thoughts out of my head,
7,1,1,7,I would feel afraid of being on my own at home,
8,1,1,8,I worry about being away from my parents,
9,1,1,9,I feel like I don’t want to move,
10,1,1,10,Nothing is much fun anymore,
11,1,1,11,I feel restless,
12,1,1,12,I feel sad or empty,
13,1,1,13,I am tired a lot,
14,1,1,14,I feel worried when I think someone is angry with me,
15,1,1,15,I feel worthless,
16,1,1,16,I have no energy for things,
17,1,1,17,I have problems with my appetite,
18,1,1,18,I have to do some things in just the right way to stop bad things from happening,
19,1,1,19,"I have to do some things over and over again (like washing my hands, cleaning or putting things in a certain order)",
20,1,1,20,I have to think of special thoughts (like numbers or words) to stop bad things from happening,
21,1,1,21,I have trouble sleeping,
22,1,1,22,My heart suddenly starts to beat too quickly for no reason,
23,1,1,23,"I have to keep checking that I have done things right (like the switch is off, or the door is locked)",
24,1,1,24,I feel scared if I have to sleep on my own,
25,1,1,25,I would feel scared if I had to stay away from home overnight,
26,1,1,26,I feel scared when I have to take a test,
27,1,1,27,I suddenly become dizzy or faint when there is no reason for this,
28,1,1,28,All of a sudden I feel really scared for no reason at all,
29,1,1,29,I suddenly feel as if I can't breathe when there is no reason for this,
30,1,1,30,I suddenly start to tremble or shake when there is no reason for this,
31,1,1,31,I think about death,
32,1,1,32,I have trouble going to school in the mornings because I feel nervous or afraid,
33,1,1,33,"When I have a problem, I feel shaky",
34,1,1,34,"When I have a problem, my heart beats really fast",
35,1,1,35,"When I have a problem, I get a funny feeling in my stomach",
36,1,1,36,I worry about making mistakes,
37,1,1,37,I worry about things,
38,1,1,38,I worry about what is going to happen,
39,1,1,39,I worry that bad things will happen to me,
40,1,1,40,I worry when I go to bed at night,
41,1,1,41,I worry I might look foolish,
42,1,1,42,I worry that something awful will happen to someone in my family,
43,1,1,43,I worry that something bad will happen to me,
44,1,1,44,I worry what other people think of me,
45,1,1,45,I worry when I think I have done poorly at something,
46,1,1,46,I worry that I will do badly at my school work,
47,1,1,47,I worry that I will suddenly get a scared feeling when there is nothing to be afraid of,
48,1,2,1,"My child is afraid of being in crowded places (like shopping centers, the movies, buses, busy playgrounds)",
49,1,2,2,My child feels afraid that he/she will make a fool of him/herself in front of people,
50,1,2,3,My child feels afraid if he/she has to talk in front of the class,
51,1,2,4,My child is bothered by bad or silly thoughts or pictures in his/her mind,
52,1,2,5,My child cannot think clearly,
53,1,2,6,My child can't seem to get bad or silly thoughts out of his/her head,
54,1,2,7,My child feels afraid of being alone at home,
55,1,2,8,My child worries about being away from me,
56,1,2,9,My child feels like he/she doesn’t want to move,
57,1,2,10,Nothing is much fun for my child anymore,
58,1,2,11,My child feels restless,
59,1,2,12,My child feels sad or empty,
60,1,2,13,My child is tired a lot,
61,1,2,14,My child worries when he/she thinks someone is angry with him/her,
62,1,2,15,My child feels worthless,
63,1,2,16,My child has no energy for things,
64,1,2,17,My child has problems with his/her appetite,
65,1,2,18,My child has to do some things in just the right way to stop bad things from happening,
66,1,2,19,"My child has to do some things over and over again (like washing hands, cleaning, or putting things in a certain order)",
67,1,2,20,My child has to think of special thoughts (like numbers or words) to stop bad things from happening,
68,1,2,21,My child has trouble sleeping,
69,1,2,22,My child’s heart suddenly starts to beat too quickly for no reason,
70,1,2,23,"My child has to keep checking that he/she has done things right (like the switch is off, or the door is locked)",
71,1,2,24,My child feels scared to sleep on his/her own,
72,1,2,25,My child would feel scared if he/she had to stay away from home overnight,
73,1,2,26,My child feels scared when taking a test,
74,1,2,27,My child suddenly becomes dizzy or faint when there is no reason for this,
75,1,2,28,All of a sudden my child will feel really scared for no reason at all,
76,1,2,29,My child suddenly feels as if he/she can't breathe when there is no reason for this,
77,1,2,30,My child suddenly starts to tremble or shake when there is no reason for this,
78,1,2,31,My child thinks about death,
79,1,2,32,My child has trouble going to school in the mornings because of feeling nervous or afraid,
80,1,2,33,"When my child has a problem, he/she feels shaky",
81,1,2,34,"When my child has a problem, his/her heart beats really fast",
82,1,2,35,"When my child has a problem, he/she gets a funny feeling in his/her stomach",
83,1,2,36,My child worries about making mistakes,
84,1,2,37,My child worries about things,
85,1,2,38,My child worries about what is going to happen,
86,1,2,43,My child worries that something bad will happen to him/her,
87,1,2,40,My child worries when in bed at night,
88,1,2,41,My child worries about looking foolish,
89,1,2,42,My child worries that something awful will happen to someone in the family,
90,1,2,43,My child worries that something bad will happen to him/her,
91,1,2,44,My child worries what other people think of him/her,
92,1,2,45,My child worries when he/she thinks he/she has done poorly at something,
93,1,2,46,My child worries about doing badly at school work,
94,1,2,47,My child worries that he/she will suddenly get a scared feeling when there is nothing to be afraid of,
95,9,1,37,Ich mache mir Sorgen.,
96,9,1,12,Ich fühle mich traurig oder leer.,
97,9,1,35,"Wenn ich ein Problem habe, bekomme ich ein komisches Gefühl im Bauch.",
98,9,1,45,"Ich mache mir Sorgen, wenn ich denke, dass ich etwas schlecht gemacht habe.",
99,9,1,7,"Ich hätte Angst, allein zu Hause zu sein.",
100,9,1,10,Nichts macht mir mehr so richtig Freude.,
101,9,1,26,"Ich habe Angst, wenn ich eine Arbeit schreiben muss.",
102,9,1,14,"Ich bin besorgt, wenn ich denke, dass jemand böse auf mich ist.",
103,9,1,8,"Ich mache mir Sorgen, wenn ich nicht bei meinen Eltern bin.",
104,9,1,4,Mich stören schlimme oder dumme Gedanken oder Bilder in meinem Kopf.,
105,9,1,21,Ich kann nicht gut schlafen.,
106,9,1,46,"Ich mache mir Sorgen, schlecht in der Schule zu sein.",
107,9,1,42,"Ich mache mir Sorgen, dass jemandem aus meiner Familie etwas Schlimmes passiert.",
108,9,1,29,"Ich habe plötzlich das Gefühl, dass ich keine Luft bekomme, ohne dass es einen Grund dafür gibt.",
109,9,1,17,Ich habe kaum Appetit.,
110,9,1,23,"Ich muss immer wieder kontrollieren, ob ich alles richtig erledigt habe (wie das Licht auszuschalten oder die Tür abzuschließen).",
111,9,1,24,"Ich habe Angst, wenn ich alleine schlafen muss.",
112,9,1,32,"Morgens fällt es mir schwer zur Schule zu gehen, weil ich nervös oder ängstlich bin.",
113,9,1,16,"Ich habe keine Energie, irgendetwas zu tun.",
114,9,1,41,"Ich mache mir Sorgen, dass ich mich blamieren könnte.",
115,9,1,13,Ich bin sehr müde.,
116,9,1,39,"Ich mache mir Sorgen, dass mir schlimme Dinge zustoßen.",
117,9,1,6,Ich bekomme schlimme oder dumme Gedanken nicht aus meinem Kopf.,
118,9,1,34,"Wenn ich ein Problem habe, schlägt mein Herz ganz schnell.",
119,9,1,5,Ich kann nicht klar denken.,
120,9,1,30,"Ich fange plötzlich an zu zittern, ohne dass es einen Grund dafür gibt.",
121,9,1,43,"Ich mache mir Sorgen, dass mir etwas Schlimmes passiert.",
122,9,1,33,"Wenn ich ein Problem habe, fühle ich mich ganz wackelig auf den Beinen.",
123,9,1,15,Ich fühle mich wertlos.,
124,9,1,36,"Ich mache mir Sorgen, Fehler zu machen.",
125,9,1,20,"Ich muss bestimmte Sachen denken (wie Zahlen oder Worte), um zu verhindern, dass etwas Schlimmes passiert.",
126,9,1,44,"Ich mache mir Sorgen, was andere über mich denken.",
127,9,1,1,"Ich habe Angst, an Orten mit vielen Menschen zu sein (wie in Einkaufszentren, Kinos, Bussen oder auf vollen Spielplätzen).",
128,9,1,28,Plötzlich bekomme ich ohne Grund ganz große Angst.,
129,9,1,38,"Ich mache mir Sorgen, was geschehen wird.",
130,9,1,27,"Plötzlich wird mir schwindelig oder schummerig, ohne dass es einen Grund dafür gibt.",
131,9,1,31,Ich denke über den Tod nach.,
132,9,1,3,"Ich habe Angst, wenn ich vor meiner Klasse etwas sagen muss.",
133,9,1,22,Plötzlich schlägt mein Herz ohne Grund ganz schnell.,
134,9,1,9,"Es fällt mir schwer, mich aufzuraffen.",
135,9,1,47,"Ich mache mir Sorgen, dass ich plötzlich einfach so Angst bekomme.",
136,9,1,19,"Manche Dinge muss ich immer und immer wieder tun (wie meine Hände zu waschen, sauber zu machen oder bestimmte Sachen zu ordnen).",
137,9,1,2,"Ich habe Angst, mich vor anderen zu blamieren.",
138,9,1,18,"Manche Sachen muss ich auf eine bestimmte Art und Weise machen, um zu verhindern, dass etwas Schlimmes passiert.",
139,9,1,40,"Ich mache mir Sorgen, wenn ich abends ins Bett gehe.",
140,9,1,25,"Ich hätte Angst, woanders zu übernachten.",
141,9,1,11,Ich bin unruhig.,
142,9,2,37,Mein Kind macht sich Sorgen.,
143,9,2,12,Mein Kind fühlt sich traurig oder leer.,
144,9,2,35,"Wenn mein Kind ein Problem hat, bekommt es ein komisches Gefühl im Bauch.",
145,9,2,45,"Mein Kind macht sich Sorgen, wenn es denkt, dass es etwas schlecht gemacht hat.",
146,9,2,7,"Mein Kind hätte Angst, alleine zu Hause zu sein.",
147,9,2,10,Nichts macht meinem Kind mehr so richtig Freude.,
148,9,2,26,"Mein Kind hat Angst, wenn es eine Arbeit schreiben muss.",
149,9,2,14,"Mein Kind ist besorgt, wenn es denkt, dass jemand böse auf es ist.",
150,9,2,8,"Mein Kind macht sich Sorgen, wenn es nicht bei seinen Eltern ist.",
151,9,2,4,Mein Kind stören schlimme oder dummen Gedanken oder Bildern in seinem Kopf.,
152,9,2,21,Mein Kind kann nicht gut schlafen.,
153,9,2,46,"Mein Kind macht sich Sorgen, schlecht in der Schule zu sein.",
154,9,2,42,"Mein Kind macht sich Sorgen, dass jemandem aus seiner Familie etwas Schlimmes passiert.",
155,9,2,29,"Mein Kind hat plötzlich das Gefühl, dass es keine Luft bekommt, ohne dass es einen Grund dafür gibt.",
156,9,2,17,Mein Kind hat kaum Appetit.,
157,9,2,23,"Mein Kind muss immer wieder kontrollieren, ob es Dinge richtig erledigt hat (wie das Licht auszuschalten oder die Tür abzuschließen).",
158,9,2,24,"Mein Kind hat Angst, wenn es alleine schlafen muss.",
159,9,2,32,"Meinem Kind fällt es schwer morgens zur Schule zur gehen, weil es nervös oder ängstlich ist.",
160,9,2,16,"Mein Kind hat keine Energie, irgendetwas zu tun.",
161,9,2,41,"Mein Kind macht sich Sorgen, dass es sich blamieren könnte.",
162,9,2,13,Mein Kind ist oft müde.,
163,9,2,39,"Mein Kind macht sich Sorgen, dass ihm schlimme Dinge zustoßen.",
164,9,2,6,Mein Kind bekommt schlimme oder dumme Gedanken nicht aus seinem Kopf.,
165,9,2,34,"Wenn mein Kind ein Problem hat, schlägt sein Herz ganz schnell.",
166,9,2,5,Mein Kind kann nicht klar denken.,
167,9,2,30,"Mein Kind fängt plötzlich an zu zittern, ohne dass es einen Grund dafür gibt.",
168,9,2,43,"Mein Kind macht sich Sorgen, dass ihm etwas Schlimmes passiert.",
169,9,2,33,"Wenn mein Kind ein Problem hat, fühlt es sich ganz wackelig auf den Beinen.",
170,9,2,15,Mein Kind fühlt sich wertlos.,
171,9,2,36,"Mein Kind macht sich Sorgen, Fehler zu machen.",
172,9,2,20,"Mein Kind muss bestimmte Sachen denken (wie Zahlen oder Worte), um zu verhindern, dass etwas Schlimmes passiert.",
173,9,2,44,"Mein Kind macht sich Sorgen, was andere über es denken.",
174,9,2,1,"Mein Kind hat Angst, an Orten mit vielen Menschen zu sein (wie in Einkaufszentren, Kinos, Bussen oder auf vollen Spielplätzen).",
175,9,2,28,Mein Kind bekommt plötzlich ohne Grund ganz große Angst.,
176,9,2,38,"Mein Kind macht sich Sorgen, was geschehen wird.",
177,9,2,27,"Meinem Kind wird plötzlich schwindelig oder schummrig, ohne dass es einen Grund dafür gibt.",
178,9,2,31,Mein Kind denkt über den Tod nach.,
179,9,2,3,"Mein Kind hat Angst, wenn es vor seiner Klasse etwas sagen muss.",
180,9,2,22,Das Herz meines Kindes schlägt plötzlich ohne Grund ganz schnell.,
181,9,2,9,"Meinem Kind fällt es schwer, sich aufzuraffen.",
182,9,2,47,"Mein Kind macht sich Sorgen, dass es plötzlich einfach so Angst bekommt.",
183,9,2,19,"Mein Kind muss manche Dinge immer und immer wieder tun (wie seine Hände waschen, sauber zu machen oder bestimmte Sachen zu ordnen).",
184,9,2,2,"Mein Kind hat Angst, sich vor anderen zu blamieren.",
185,9,2,18,"Mein Kind muss manche Sachen auf eine bestimmte Art und Weise machen, um zu verhindern, dass etwas Schlimmes passiert.",
186,9,2,40,"Mein Kind macht sich Sorgen, wenn es abends ins Bett geht.",
187,9,2,25,"Mein Kind hätte Angst, woanders zu übernachten.",
188,9,2,11,Mein Kind ist unruhig.,
189,3,2,37,我孩子焦虑不安,
190,3,2,12,我孩子感觉空虚或悲伤,
191,3,2,35,我孩子遇到问题时会觉得肚子不舒服,
192,3,2,45,当我孩子认为自己有什么事情做的不好时，就会忧虑,
193,3,2,7,我孩子害怕自己一个人在家,
194,3,2,10,什么东西对我孩子来说都不怎么好玩了,
195,3,2,26,考试的时候，我孩子会提心吊胆的,
196,3,2,14,当我孩子认为有人跟他/她生气时，就会忧虑,
197,3,2,8,我孩子害怕和我分开,
198,3,2,4,我孩子会被自己头脑里一些不好或愚蠢的想法或者画面困扰,
199,3,2,21,我孩子睡眠不好,
200,3,2,46,我孩子担心做不好学校功课,
201,3,2,42,我孩子担心有什么可怕的事情会发生在家人身上,
202,3,2,29,无缘无故的，我孩子会突然感觉好像不能呼吸,
203,3,2,17,我孩子的胃口不好,
204,3,2,23,我孩子必须常常反复检查某个事情是否做好了（比如开关有没有关，或者门有没有锁好）,
205,3,2,24,我孩子害怕自己一个人睡觉,
206,3,2,32,我孩子早上会因为感觉紧张或害怕而不想去学校,
207,3,2,16,我孩子做事情提不起劲,
208,3,2,41,我孩子担心自己看上去傻里傻气,
209,3,2,13,我孩子常常觉得很累,
210,3,2,39,我孩子担心坏事会发生在他/她自己身上,
211,3,2,6,我孩子好像没办法摆脱自己的坏念头或蠢念头,
212,3,2,34,当我孩子遇到麻烦时，他/她的心就跳得很快,
213,3,2,5,我孩子没办法清楚地思考,
214,3,2,30,无缘无故的，我孩子会突然开始发抖,
215,3,2,43,我孩子担心不好的事情会发生在他/她自己身上,
216,3,2,33,我孩子遇到麻烦时会觉得颤抖不稳,
217,3,2,15,我孩子感觉他/她自己没有用,
218,3,2,36,我孩子担心会犯错误,
219,3,2,20,我孩子必须通过脑袋里默想特殊的东西（比如数字、词语）来阻止不好的事情发生,
220,3,2,44,我孩子担心别人怎么看他/她,
221,3,2,1,我孩子害怕呆在拥挤的地方（比如商场、电影院、公共汽车、人多的操场）,
222,3,2,28,无缘无故的，我孩子会突然觉得很害怕,
223,3,2,38,我孩子担心将要发生的事情,
224,3,2,27,无缘无故的，我孩子会突然觉得晕,
225,3,2,31,我孩子会想关于死亡的事情,
226,3,2,3,我孩子害怕在课堂上发言,
227,3,2,22,我孩子会无缘无故地突然心跳地非常快,
228,3,2,9,我孩子感觉不想动,
229,3,2,47,我孩子担心他/她自己会突然无缘无故地感觉恐慌,
230,3,2,19,我孩子必须一再重复地做某些动作（比如洗手、打扫卫生、把东西放整齐）,
231,3,2,2,我孩子担心他/她会在别人面前出丑,
232,3,2,18,我孩子必须用特定的方法做一些事情，来阻止不好的事情发生,
233,3,2,40,我孩子晚上睡觉时会焦虑,
234,3,2,25,我孩子会害怕在外面过夜,
235,3,2,11,我孩子感觉坐立不安,
236,4,2,37,Mit barn bekymrer sig om ting,
237,4,2,12,Mit barn føler sig trist eller tom,
238,4,2,35,"Når mit barn har et problem, får han/hun en sjov følelse i maven",
239,4,2,45,"Mit barn bekymrer sig, når han/hun synes, han/hun har præsteret dårligt",
240,4,2,7,Mit barn føler sig bange for at være alene hjemme,
241,4,2,10,Mit barn synes ikke noget er særlig sjovt længere,
242,4,2,26,"Mit barn føler sig bange, når han/hun skal tage en test",
243,4,2,14,"Mit barn bekymrer sig, når han/hun tror, at nogen er vred på ham/hende",
244,4,2,8,Mit barn bekymrer sig om at være væk fra mig,
245,4,2,4,Mit barn bliver generet af dårlige eller fjollede tanker eller billeder i sit hoved,
246,4,2,21,Mit barn har svært ved at sove,
247,4,2,46,"Mit barn bekymrer sig om, at han/hun vil klare sig dårligt i skolearbejdet",
248,4,2,42,"Mit barn bekymrer sig om, at der vil ske noget forfærdeligt med nogen i familien",
249,4,2,29,"Mit barn føler pludselig uden grund, at det er som om han/hun ikke kan trække vejret",
250,4,2,17,Mit barn har problemer med sin appetit,
251,4,2,23,"Mit barn skal blive ved med at tjekke, at han/hun har gjort tingene rigtigt (som at kontakten er slukket, eller døren er låst)",
252,4,2,24,"Mit barn føler sig bange, hvis han/hun skal sove alene",
253,4,2,32,"Mit barn har problemer med at komme i skole om morgenen, fordi han/hun føler sig nervøs eller bange",
254,4,2,16,Mit barn har ingen energi til ting,
255,4,2,41,"Mit barn bekymrer sig om, at han/hun ser tåbelig ud",
256,4,2,13,Mit barn er ofte træt,
257,4,2,39,"Mit barn er bekymret for, at der vil ske ham/hende noget dårligt",
258,4,2,6,Mit barn kan ikke få dårlige eller dumme tanker ud af sit hoved,
259,4,2,34,Mit barn kan ikke få dårlige eller dumme tanker ud af sit hoved,
260,4,2,5,Mit barn kan ikke tænke klart,
261,4,2,30,"Mit barn begynder pludselig at ryste, eller ryster uden grund",
262,4,2,43,"Mit barn bekymrer sig om, at der vil ske ham/hende noget slemt",
263,4,2,33,"Når mit barn har et problem, føler han/hun at hans/hendes krop ryster",
264,4,2,15,Mit barn føler sig værdiløs,
265,4,2,36,Mit barn bekymrer sig om at lave fejl,
266,4,2,20,Mit barn skal tænke på bestemte tanker (som på tal eller ord) for at forhindre dårlige ting i at ske,
267,4,2,44,"Mit barn bekymrer sig om, hvad andre mennesker synes om ham/hende",
268,4,2,1,"Mit barn er bange for at være på overfyldte steder (såsom shoppingcentre, biografer, busser, travle legepladser)",
269,4,2,28,Lige pludselig føler mit barn sig virkelig bange uden nogen som helst grund,
270,4,2,38,"Mit barn bekymrer sig om, hvad der skal ske",
271,4,2,27,"Mit barn bliver pludselig svimmel eller besvimer, uden nogen grund",
272,4,2,31,Mit barn tænker på døden,
273,4,2,3,"Mit barn føler sig bange, hvis han/hun skal tale foran sin klasse",
274,4,2,22,Mit barns hjerte begynder pludselig at banke for hurtigt uden nogen grund,
275,4,2,9,"Mit barn føler, at han/hun ikke vil bevæge sig",
276,4,2,47,"Mit barn bekymrer sig om, at han/hun pludselig får en bange følelse når der er ikke noget at være bange for",
277,4,2,19,"Mit barn bliver nødt til at gøre nogle ting igen og igen (som at vaske hænder, gøre rent eller sætte ting i en bestemt rækkefølge)",
278,4,2,2,"Mit barn er bange for, at han/hun vil gøre sig selv til grin foran andre",
279,4,2,18,"For at forhindre at dårlige ting sker, er mit barn nødt til at gøre nogle bestemte ting på den helt rigtige måde",
280,4,2,40,"Mit barn bekymrer sig, når i seng om aftenen",
281,4,2,25,"Mit barn ville føle sig bange, hvis han/hun skulle være væk hjemmefra om natten",
282,4,2,11,Mit barn føler sig rastløs,
283,5,2,37,Mijn kind maakt zich zorgen over dingen,
284,5,2,12,Mijn kind voelt zich verdrietig of leeg van bi,
285,5,2,35,"Als mijn kind een probleem heeft, krijg hij/zij een gek
gevoel in de buik",
286,5,2,45,"Mijn kind piekert als hij/zij denkt dat hij/zij iets niet
goed heeft gedaan",
287,5,2,7,Mijn kind zou het eng vinden om alleen thuis te zijn,
288,5,2,10,Mijn kind vindt niets meer echt leuk,
289,5,2,26,"Mijn kind voelt zich zenuwachtig als hij/zij een
proefwerk of een toets moet maken",
290,5,2,14,"Mijn kind maakt zich zorgen als het denkt dat iemand
boos op hem/haar is",
291,5,2,8,"Mijn kind maakt zich zorgen over niet in de buurt van
ons/mij zijn",
292,5,2,4,"Mijn kind heeft last van slechte of rare gedachten of
beelden in zijn/haar hoofd",
293,5,2,21,Mijn kind heeft problemen met slapen,
294,5,2,46,"Mijn kind maakt zich zorgen dat hij/zij het werk op
school slecht zal doen",
295,5,2,42,"Mijn kind maakt zich zorgen dat er iets ergs gaat
gebeuren met iemand uit ons gezin",
296,5,2,29,"Mijn kind heeft plotseling het gevoel geen adem te
kunnen krijgen, terwijl daar geen reden voor is",
297,5,2,17,Mijn kind heeft geen zin in eten,
298,5,2,23,"Mijn kind moet steeds controleren of hij/zij dingen goed
heeft gedaan (bijvoorbeeld of het licht uit is, of de deur
op slot is)",
299,5,2,24,Mijn kind is bang als hij/zij alleen moet slapen,
300,5,2,32,"Mijn kind vindt het moeilijk om ’s ochtends naar school
te gaan omdat hij/zij zich zenuwachtig of bang voelt…",
301,5,2,16,Mijn kind heeft geen energie om dingen te doen,
302,5,2,41,"Mijn kind maakt zich zorgen dat hij/zij misschien stom
lijkt",
303,5,2,13,Mijn kind is erg moe,
304,5,2,39,"Mijn kind maakt zich zorgen dat er erge dingen met
hem/haar gaan gebeuren",
305,5,2,6,"Mijn kind kan slechte of rare gedachten moeilijk uit
zijn/haar hoofd krijgen",
306,5,2,34,"Als mijn kind een probleem heeft, slaat zijn/haar hart
heel snel",
307,5,2,5,Mijn kind kan niet helder nadenken,
308,5,2,30,"Mijn kind begint plotseling te trillen of te beven, terwijl
er geen reden voor is",
309,5,2,43,"Mijn kind maakt zich zorgen dat er iets ergs met
hem/haar gaat gebeuren",
310,5,2,33,"Als mijn kind een probleem heeft, voelt hij/zij zich
trillerig",
311,5,2,15,Mijn kind heeft het gevoel dat hij/zij niets waard is,
312,5,2,36,Mijn kind maakt zich zorgen dat hij/zij fouten maakt,
313,5,2,20,"Mijn kind moet bepaalde gedachten denken (zoals
getallen of woorden) om te zorgen dat er geen nare
dingen gebeuren",
314,5,2,44,"Mijn kind piekert over wat andere mensen van
hem/haar denken",
315,5,2,1,"Mijn kind is bang om op plaatsen te zijn waar veel
mensen zijn, zoals een winkelcentrum, de bioscoop,
bussen of drukke speeltuinen",
316,5,2,28,"Plotseling voelt mijn kind zich heel bang, terwijl er geen
reden voor is",
317,5,2,38,"Mijn kind maakt zich zorgen over wat er zal gaan
gebeuren",
318,5,2,27,"Mijn kind klaagt dat hij/zij plotseling duizelig of slap
wordt, terwijl er geen reden voor is",
319,5,2,31,Mijn kind denkt aan de dood,
320,5,2,3,"Mijn kind is bang als hij/zij voor de klas iets moet
zeggen",
321,5,2,22,"Het hart van mijn kind begint plotseling te snel te
kloppen terwijl daar geen reden voor is",
322,5,2,9,Mijn kind heeft een gevoel alsof hij/zij niet wil bewege,
323,5,2,47,"Mijn kind piekert dat hij/zij plotseling bang zal worden
terwijl er niets is om bang voor te zijn",
324,5,2,19,"Mijn kind moet sommige dingen steeds opnieuw doen
(zoals handen wassen, dingen schoonmaken of op een
bepaalde manier neerleggen)",
325,5,2,2,"Mijn kind is bang dat hij/zij zichzelf voor gek zal zetten
tegenover andere mensen",
326,5,2,18,"Mijn kind moet sommige dingen precies op de goede
manier doen om ervoor te zorgen dat er geen nare
dingen gebeuren",
327,5,2,40,Mijn kind piekert ’s avonds in bed,
328,5,2,25,"Mijn kind zou bang zijn als hij/zij een nacht van huis
moest zijn",
329,5,2,11,Mijn kind voelt zich onrustig,
330,6,2,37,Mu laps muretseb asjade pärast,
331,6,2,12,Mu laps tunneb end kurva või tühjana,
332,6,2,35,"Kui mu lapsel on probleem, siis ta tunneb kõhus imelikku tunnet",
333,6,2,45,"Mu laps muretseb, kui mõtleb, et on midagi kehvasti teinud",
334,6,2,7,"Mu laps tunneks hirmu, kui peab üksi kodus  olema",
335,6,2,10,Mu lapse jaoks pole miski enam eriti lõbus,
336,6,2,26,"Mu laps tunneb hirmu, kui peab tegema kontrolltööd",
337,6,2,14,"Mu laps muretseb, kui talle tundub, et keegi on tema peale vihane",
338,6,2,8,Mu laps muretseb minust eemal oleku pärast,
339,6,2,4,Mu last häirivad halvad või rumalad mõtted või kujutluspildid,
340,6,2,21,Mu lapsel on probleeme unega,
341,6,2,46,"Mu laps muretseb, et tal võib koolitööga halvasti minna",
342,6,2,42,"Mu laps muretseb, et kellegagi tema perest võib midagi kohutavat juhtuda",
343,6,2,29,"Mu laps tunneb äkki, et ei saa hingata, ehkki selleks pole mingit põhjust",
344,6,2,17,Mu lapsel on probleeme söögiisuga,
345,6,2,23,"Mu laps peab pidevalt kontrollima, kas ta tegi asju õigesti (nt tule kustutamine või ukse lukustamine)",
346,6,2,24,"Mu laps tunneb hirmu, kui peab üksi magama",
347,6,2,32,"Mu lapsel on raske hommikuti kooli minna, sest ta on närvis või kardab",
348,6,2,16,Mu lapsel ei jätku energiat asjade tegemiseks,
349,6,2,41,"Mu laps muretseb, et võib teistele rumal paista",
350,6,2,13,Mu laps on kogu aeg väsinud,
351,6,2,39,"Mu laps muretseb, et temaga juhtuvad halvad asjad",
352,6,2,6,Mu laps ei saa kuidagi halbu ja rumalaid mõtteid peast välja,
353,6,2,34,"Kui mu lapsel on probleem, lööb ta süda väga kiiresti",
354,6,2,5,Mu laps ei suuda selgelt mõelda,
355,6,2,30,"Mu laps hakkab ootamatult värisema või vappuma, kuigi selleks pole mingit põhjust",
356,6,2,43,"Mu laps muretseb, et temaga võib juhtuda midagi halba",
357,6,2,33,"Kui mu lapsel on probleem, siis ta tunneb, nagu väriseks",
358,6,2,15,Mu laps tunneb end väärtusetuna,
359,6,2,36,Mu laps muretseb vigade tegemise pärast,
360,6,2,20,"Mu laps peab mõtlema kindlaid mõtteid (näiteks numbreid või sõnu), et ei juhtuks halbu asju",
361,6,2,44,"Mu laps muretseb selle pärast, mida teised inimesed temast mõtlevad",
362,6,2,1,"Mu laps kardab olla rahvarohketes kohtades (näiteks kaubanduskeskustes, kinos, bussides, mänguväljakutel)",
363,6,2,28,Mu laps tunneb ootamatult hirmu ilma mingi põhjuseta,
364,6,2,38,"Mu laps muretseb selle pärast, mis võib juhtuda",
365,6,2,27,"Mu lapsel hakkab pea ootamatult ringi käima või ta tunneb nõrkust, ehkki selleks pole põhjust",
366,6,2,31,Mu laps mõtleb surmast,
367,6,2,3,"Mu laps tunneb hirmu, kui peab kogu klassi ees rääkima",
368,6,2,22,"Mu lapse süda hakkab ootamatult, ilma põhjuseta, liiga kiiresti lööm",
369,6,2,9,"Mu laps tunneb, et ta ei taha end liigutada",
370,6,2,47,"Mu laps muretseb, et ta võib ootamatult tunda hirmu, kuigi tegelikult pole vaja midagi karta ",
371,6,2,19,"Mu laps tunneb, et peab mingeid asju tegema ikka ja jälle uuesti (näiteks käsi pesema, koristama või asju teatud järjekorda sättima)",
372,6,2,2,"Mu laps kardab, et teeb end teiste ees lolliks",
373,6,2,18,"Mu laps tunneb, et peab mingeid asju tegema täpselt õigel viisil, et halba ära hoida",
374,6,2,40,"Mu laps muretseb, kui läheb õhtul voodisse",
375,6,2,25,"Mu laps kardaks, kui peaks öösel kodust eemal olema",
376,6,2,11,Mu laps tunneb end rahutuna,
377,7,2,37,Lapseni on huolissaan asioista,
378,7,2,12,Lapsellani on surullinen tai tyhjä olo,
379,7,2,35,"Kun lapsellani on jokin ongelma, hänen vatsassaan tuntuu kummalliselta",
380,7,2,45,"Lastani huolestuttaa, kun hän ajattelee, että hän on suoriutunut jossain asiassa huonosti",
381,7,2,7,Lastani pelottaa olla yksin kotona,
382,7,2,10,Mikään ei ole lapsestani enää kovin hauskaa,
383,7,2,26,Lastani pelottaa koetilanteissa,
384,7,2,14,"Lastani huolestuttaa, kun hän ajattelee, että joku on hänelle vihainen",
385,7,2,8,Lastani huolestuttaa olla poissa luotani,
386,7,2,4,Lastani häiritsevät hänen mielessään olevat pahat tai typerät ajatukset tai kuvat,
387,7,2,21,Lapsellani on nukkumisvaikeuksia,
388,7,2,46,"Lapseni on huolissaan, että pärjää huonosti koulussa",
389,7,2,42,"Lapseni on huolissaan, että jotain kamalaa tapahtuu jollekin perheenjäsenelle",
390,7,2,29,"Lapsestani tuntuu yhtäkkiä ilman syytä, ettei hän saa henkeä",
391,7,2,17,Lapseni ruokahalussa on ongelmia,
392,7,2,23,"Lapseni täytyy jatkuvasti tarkistaa, että hän on tehnyt asiat oikein (esim. sammuttanut valot tai lukinnut oven)",
393,7,2,24,Lastani pelottaa nukkua yksin,
394,7,2,32,"Lapsellani on vaikeuksia mennä kouluun aamuisin, koska häntä hermostuttaa tai pelottaa",
395,7,2,16,Lapsellani ei ole energiaa asioiden tekemiseen,
396,7,2,41,"Lastani huolestuttaa, että hän vaikuttaa typerältä",
397,7,2,13,Lapseni on todella väsynyt,
398,7,2,39,"Lapseni on huolissaan, että hänelle tapahtuu pahoja asioita",
399,7,2,6,Lapseni ei näytä saavan pahoja tai typeriä ajatuksia pois päästään,
400,7,2,34,"Kun lapsellani on jokin ongelma, hänen sydämensä lyö todella nopeasti",
401,7,2,5,Lapseni ei pysty ajattelemaan selkeästi,
402,7,2,30,Lapseni alkaa yhtäkkiä ilman syytä vapista tai täristä,
403,7,2,43,"Lapseni on huolissaan, että hänelle tapahtuu jotain pahaa",
404,7,2,33,"Kun lapsellani on jokin ongelma, hän tuntee olonsa täriseväksi",
405,7,2,15,Lapseni tuntee olonsa arvottomaksi,
406,7,2,36,Virheiden tekeminen huolestuttaa lastani,
407,7,2,20,"Lapseni täytyy ajatella erityisiä ajatuksia (esim. numeroita tai sanoja), ettei pahoja asioita tapahtuisi",
408,7,2,44,"Lastani huolestuttaa, mitä muut ihmiset ajattelevat hänestä",
409,7,2,1,"Lastani pelottaa paikoissa, joissa on paljon ihmisiä (esim. ostoskeskukset, elokuvateatterit, bussit, vilkkaat leikkipuistot)",
410,7,2,28,Lapseni on yhtäkkiä todella peloissaan ilman mitään syytä,
411,7,2,38,"Lastani huolestuttaa, mitä tulee tapahtumaan",
412,7,2,27,Lastani huimaa tai pyörryttää yhtäkkiä ilman syytä,
413,7,2,31,Lapseni ajattelee kuolemaa,
414,7,2,3,Lastani pelottaa puhua luokan edessä,
415,7,2,22,Lapseni sydän alkaa yhtäkkiä lyödä liian nopeasti ilman syytä,
416,7,2,9,"Lapsestani tuntuu, ettei hän halua liikkua",
417,7,2,47,"Lapseni on huolissaan, että häntä alkaa yhtäkkiä pelottaa, vaikkei ole mitään pelättävää",
418,7,2,19,"Lapseni täytyy tehdä joitain asioita uudelleen ja uudelleen (esim. pestä käsiä, siivota tai järjestellä tavaroita tiettyyn järjestykseen)",
419,7,2,2,Lastani pelottaa että hän nolaa itsensä ihmisten edessä,
420,7,2,18,"Lapseni täytyy tehdä joitain asioita juuri oikealla tavalla, ettei pahoja asioita tapahtuisi",
421,7,2,40,Lapseni on huolissaan iltaisin nukkumaan mennessään,
422,7,2,25,"Lastani pelottaisi, jos hän joutuisi olemaan yötä poissa kotoa",
423,7,2,11,Lapseni tuntee olonsa levottoma,
424,10,2,37,Το παιδί μου ανησυχεί για πολλά και διάφορα πράγματα.,
425,10,2,12,Το παιδί μου είναι λυπημένο ή έχει ένα αίσθημα κενού.,
426,10,2,35,"Όταν το παιδί μου έχει κάποιο πρόβλημα, νιώθει ενοχλήσεις στο στομάχι του.",
427,10,2,45,Το παιδί μου ανησυχεί όταν νομίζει ότι δεν τα πήγε σε κάτι καλά.,
428,10,2,7,Το παιδί μου φοβάται να μείνει μόνο του στο σπίτι.,
429,10,2,10,Το παιδί μου δεν χαίρεται ή δεν διασκεδάζει με τίποτα πια.,
430,10,2,26,Το παιδί μου φοβάται όταν πρόκειται να γράψει διαγώνισμα.,
431,10,2,14,Το παιδί μου ανησυχεί όταν νομίζει ότι κάποιος είναι θυμωμένος μαζί του.,
432,10,2,8,Το παιδί μου ανησυχεί όταν βρίσκεται μακριά μου.,
433,10,2,4,Το παιδί μου ενοχλείται από κακές ή ανόητες σκέψεις ή εικόνες που έρχονται στο μυαλό του.,
434,10,2,21,Το παιδί μου δυσκολεύεται να κοιμηθεί.,
435,10,2,46,Το παιδί μου ανησυχεί ότι θα τα πάει άσχημα στα μαθήματα.,
436,10,2,42,Το παιδί μου ανησυχεί μήπως κάτι κακό θα συμβεί σε μέλος της οικογένειάς μας.,
437,10,2,29,"Το παιδί μου, ξαφνικά και χωρίς λόγο, αισθάνεται ότι δεν μπορεί να αναπνεύσει.",
438,10,2,17,Το παιδί μου έχει προβλήματα με την όρεξή του για φαγητό.,
439,10,2,23,Το παιδί μου έχει την ανάγκη να ελέγχει ξανά και ξανά ότι έχει κάνει κάποια πράγματα σωστά (όπως ότι έχει κλείσει το διακόπτη ή έχει κλειδώσει την πόρτα).,
440,10,2,24,Το παιδί μου φοβάται να κοιμηθεί μόνο του.,
441,10,2,32,Το παιδί μου δυσκολεύεται το πρωί να πάει στο σχολείο επειδή αγχώνεται ή φοβάται.,
442,10,2,16,Το παιδί μου δεν έχει ενέργεια για δραστηριότητες.,
443,10,2,41,Το παιδί μου ανησυχεί για το αν φαίνεται χαζό ή ανόητο.,
444,10,2,13,Το παιδί μου αισθάνεται πολύ κουρασμένο.,
445,10,2,39,Το παιδί μου ανησυχεί ότι θα του συμβούν άσχημα πράγματα.,
446,10,2,6,Το παιδί μου δεν μπορεί να διώξει από το μυαλό του κάποιες κακές ή ανόητες σκέψεις που κάνει.,
447,10,2,34,"Όταν το παιδί μου έχει κάποιο πρόβλημα, η καρδιά του χτυπάει πολύ γρήγορα (νιώθει ταχυπαλμίες).",
448,10,2,5,Το παιδί μου δεν μπορεί να σκεφτεί καθαρά.,
449,10,2,30,"Το παιδί μου, ξαφνικά και χωρίς λόγο, αρχίζει να τρέμει.",
450,10,2,43,Το παιδί μου ανησυχεί μήπως του συμβεί κάτι κακό.,
451,10,2,33,Όταν το παιδί μου έχει κάποιο πρόβλημα ταράζεται (νιώθει τρέμουλο).,
452,10,2,15,Το παιδί μου αισθάνεται ότι δεν αξίζει τίποτα.,
453,10,2,36,Το παιδί μου ανησυχεί μήπως κάνει λάθη.,
454,10,2,20,"Το παιδί μου κάνει κάποιες συγκεκριμένες σκέψεις (π.χ. σκέφτεται κάποιους αριθμούς ή λέξεις), για να μη συμβεί κάτι κακό.",
455,10,2,44,Το παιδί μου ανησυχεί για το τί σκέφτονται οι άλλοι για το ίδιο.,
456,10,2,1,"Το παιδί μου φοβάται να βρίσκεται σε μέρη με πολύ κόσμο (π.χ. σε εμπορικά κέντρα, κινηματογράφους, λεωφορεία, πολυσύχναστες παιδικές χαρές).",
457,10,2,28,"Το παιδί μου, ξαφνικά και χωρίς λόγο, αισθάνεται πολύ τρομαγμένο.",
458,10,2,38,Το παιδί μου ανησυχεί για το τι πρόκειται να συμβεί.,
459,10,2,27,"Το παιδί μου, ξαφνικά και χωρίς λόγο, ζαλίζεται ή έχει τάση για λιποθυμία.",
460,10,2,31,Το παιδί μου σκέφτεται το θάνατο.,
461,10,2,3,Το παιδί μου φοβάται όταν πρέπει να μιλήσει μπροστά σε όλη την τάξη του.,
462,10,2,22,"Η καρδιά του παιδιού μου, ξαφνικά και χωρίς λόγο, αρχίζει να χτυπάει πολύ γρήγορα.",
463,10,2,9,Το παιδί μου αισθάνεται σαν να μην έχει ενέργεια ή να μη θέλει να κινηθεί.,
464,10,2,47,Το παιδί μου ανησυχεί μήπως τρομάξει ξαφνικά χωρίς να υπάρχει λόγος.,
465,10,2,19,"Το παιδί μου αισθάνεται την ανάγκη να κάνει κάποια πράγματα ξανά και ξανά (π.χ. να πλένει τα χέρια του, να ταχτοποιεί τα πράγματα του σε ορισμένη σειρά).",
466,10,2,2,Το παιδί μου φοβάται μήπως γίνει ρεζίλι μπροστά σε κόσμο.,
467,10,2,18,Το παιδί μου αισθάνεται την ανάγκη να κάνει κάποια πράγματα με συγκεκριμένο τρόπο για να μη συμβεί κάτι κακό.,
468,10,2,40,Το παιδί μου ανησυχεί όταν πηγαίνει για ύπνο το βράδυ.,
469,10,2,25,Το παιδί μου θα φοβόταν να διανυκτερεύσει εκτός σπιτιού.,
470,10,2,11,Το παιδί μου φαίνεται ανήσυχο.,
471,2,1,37,أنا أقلق بشأن الاحداث,
472,2,1,12,شعر بالحزن أو الفراغ,
473,2,1,35,عندما أواجه مشكلة أحس بشعور غريب في معدتي,
474,2,1,45,أنا أقلق عندما أظن أنني قد فعلت شئً سيئا,
475,2,1,7,أنا أحس بالخوف عندما أكون بروحي في البيت,
476,2,1,10,أحس ان ما في شي يسعدني بالمرة,
477,2,1,26,أشعر بالخوف لما يكون عندي اختبار,
478,2,1,14,أشعر بالقلق عندما أظن ان في أحد غاضب مني,
479,2,1,8,أنا أقلق عندما أكون بعيدا عن والدي,
480,2,1,4,أشعر بالضيق من الأفكار او الصور السيئة او السخيفة التي في بالي,
481,2,1,21,عندي مشكلة في النوم,
482,2,1,46,يقلقني انني سأعمل بشكل سيئ في واجباتي المدرسية,
483,2,1,42,أشعر ان شي مو زين راح يحصل لشخص في عائلتي,
484,2,1,29,أشعر فجأة وكأنني لا أستطيع التنفس حتى بدون سبب,
485,2,1,17,عندي مشاكل في شهية الطعام,
486,2,1,23,"يجب أن استمر في التأكد من انني قد فعلت أشياء صحيحة، مثلا، ان المفتاح مغلق أو ان الباب مقفل",
487,2,1,24,أحس بالخوف إذا اضطررت للنوم بروحي,
488,2,1,32,عندي مشكلة في الذهاب الي المدرسة في الصباح لأني أشعر بالتوتر أو الخوف,
489,2,1,16,ليس لدي طاقة لعمل أي شيء,
490,2,1,41,خاف انني قد أبدو أحمقا,
491,2,1,13,أنا دائما أشعر بالتعب,
492,2,1,39,انا أخاف ان يصير لي أشياء مو زينة,
493,2,1,6,ما أقدر اتخلص من الأفكار السيئة او السخيفة,
494,2,1,34,لما أواجه مشكله قلبي ينبض بسرعة كبيرة,
495,2,1,5,ما أقدر أفكر بوضوح,
496,2,1,30,فجأة ابدأ بالارتجاف او الاهتزاز عندما لا يكون هناك سببا لذلك,
497,2,1,43,أخاف ان يحدث لي شيئً سيئا,
498,2,1,33,عندما أواجه مشكلة اشعر بالارتجاف,
499,2,1,15,عندما أواجه مشكلة اشعر بالارتجاف,
500,2,1,36,انا قلق بشأن ارتكاب الأخطاء,
501,2,1,20,دائما أفكر في الكلمات او الأرقام التي سأقولها لمنع حدوث شيء سيء,
502,2,1,44,يقلقني تفكير الاخرين تجاهي,
503,2,1,1,"اخشي ان أكون في أماكن مزدحمة مثل مراكز التسوق والأفلام، الحافلات والملاعب المزدحمة",
504,2,1,28,فجأة أحس بالخوف من غير سبب,
505,2,1,38,أنا قلق بشأن ما سيحدث,
506,2,1,27,فجأة أشعر بدوخة او اغماء من غير سبب,
507,2,1,31,انا أفكر بالموت,
508,2,1,3,أحس بالخوف إذا اضطررت أني أتكلم امام طلاب الصف,
509,2,1,22,يبدأ قلبي فجأة بالنبض بسرعة بدون سبب,
510,2,1,9,أشعر انني لا اريد ان اتحرك,
511,2,1,47,يقلقني أني سأشعر فجأة بالخوف عندما لا يكون هناك شي يخيفني,
512,2,1,19,"بجب أن أقوم ببعض الأشياء مراراً وتكراراً، مثل غسل يدي، او التنظيف، او وضع الأشياء بترتيب معين",
513,2,1,2,أحس بالخوف من انني راح أبدو مغفل امام الناس,
514,2,1,18,يجب على ان افعل الأشياء بطريقة صحيحة لمنع حدوث أشياء سيئة,
515,2,1,40,أنا اقلق عندما اذهب للفراش ليلا,
516,2,1,25,أحس بالخوف إذا اضطررت الي الابتعاد عن المنزل طوال الليل,
517,2,1,11,أشعر بالأرق,
518,3,1,37,我焦虑不安。,
519,3,1,12,我感觉空虚或悲伤。,
520,3,1,35,"我有问题时 , 会肚子不舒服。",
521,3,1,45,"我一想到什么事情做得不好的话 , 
我就忧心重重。",
522,3,1,7,我怕一人在家。,
523,3,1,10,什么都不再那么好玩了。,
524,3,1,26,"考试的时候 , 我提心掉胆的。",
525,3,1,14,"我一想到有人跟我生气时 , 
我就担心。",
526,3,1,8,我怕和我父母分开。,
527,3,1,4,"我头脑里的蠢念头或图像 , 
或者不好的念头或图像令我困扰。",
528,3,1,21,我睡眠有问题。,
529,3,1,46,我担心读不好书。,
530,3,1,42,我担心有什么可怕的事会发生在我家人的身上。,
531,3,1,29,"无缘无故的 , 我突然感觉几乎不能呼吸。",
532,3,1,17,我胃口有问题。,
533,3,1,23,"我必须常常重复检查检事情是否做好了 , 
比如说开关是否关了或者门是否锁了。",
534,3,1,24,我怕一个人睡觉。,
535,3,1,32,早上上学时有些困难因为我会感觉紧张或害怕。,
536,3,1,16,我没有力气。,
537,3,1,41,我担心我看上去傻里傻气。,
538,3,1,13,我常常觉得疲倦。,
539,3,1,39,我担忧坏事会发生在我身上。,
540,3,1,6,我不能摆脱坏念头或愚蠢的念头。,
541,3,1,34,"有麻烦时 , 我的 心跳起来很快。",
542,3,1,5,我不能清楚地思考。,
543,3,1,30,"无缘无故的 , 我突然开始发抖。",
544,3,1,43,我担忧不好的 事会发生在我身上。,
545,3,1,33,"有麻烦时 , 我感觉颤抖不稳。",
546,3,1,15,我感觉无用。,
547,3,1,36,担心犯错误。,
548,3,1,20,"我必须默想特殊的想法(象数字或词句)
来阻止不好的事情发生。",
549,3,1,44,我顾虑别人对我怎么想。,
550,3,1,1,"我怕在拥挤的地方 
(象商场 , 电影院 , 公共汽车 , 游乐场) 。",
551,3,1,28,"很突然的 , 无缘无故我会觉得害怕。",
552,3,1,38,我担心将要发生的事情。,
553,3,1,27,无缘无故我突然变得昏晕。,
554,3,1,31,我思考关于死亡的事情。,
555,3,1,3,我怕在同学面前发言。,
556,3,1,22,无缘无故我心跳会突然加速。,
557,3,1,9,我感觉不想动。,
558,3,1,47,我担心我会突然无 缘无故地感觉恐慌。,
559,3,1,19,"我必须重复做某些动作 
(象洗手 , 清洁 , 或把东西放整齐) 。",
560,3,1,2,我担心我会在别人面前出丑。,
561,3,1,18,"我必须用特定的方式做一些特定的事 ,
来阻止不好的事情发生。",
562,3,1,40,"晚上睡觉时 , 我焦虑不安。",
563,3,1,25,"如果我在外面过夜的话 , 我会害怕。",
564,3,1,11,我感觉坐立不安。,
565,4,1,37,Jeg bekymrer mig om ting,
566,4,1,12,Jeg føler mig trist eller tom,
567,4,1,35,"Når jeg har et problem, får jeg en sjov følelse i min mave",
568,4,1,45,"Jeg er bekymret, når jeg synes, jeg har præsteret dårligt",
569,4,1,7,Jeg ville være bange for at være alene hjemme,
570,4,1,10,Intet er særlig sjovt læng,
571,4,1,26,"Jeg føler mig bange, når jeg skal tage en test",
572,4,1,14,"Jeg føler mig bekymret, når jeg tror, nogen er vred på mig",
573,4,1,8,Jeg bekymrer mig om at være væk fra mine forældre,
574,4,1,4,Jeg bliver generet af dårlige eller fjollede tanker eller billeder i mit hoved,
575,4,1,21,Jeg har svært ved at sove,
576,4,1,46,"Jeg er bekymret for, at jeg vil klare mig dårligt i forbindelse med mit skolearbejde",
577,4,1,42,"Jeg er bekymret for, at der vil ske noget forfærdeligt med nogen i familien",
578,4,1,29,"Jeg føler pludselig uden grund, at det er som om jeg ikke kan trække vejret",
579,4,1,17,Jeg har problemer med min appetit,
580,4,1,23,"Jeg skal blive ved med at tjekke, at jeg har gjort tingene rigtigt (som at kontakten er slukket, eller døren er låst)",
581,4,1,24,"Jeg føler mig bange, hvis jeg skal sove alene",
582,4,1,32,"Jeg har problemer med at komme i skole om morgenen, fordi jeg føler mig nervøs eller bange",
583,4,1,16,Jeg har ingen energi til ting,
584,4,1,41,"Jeg er bekymret for, at jeg ser tåbelig ud",
585,4,1,13,Jeg er ofte træt,
586,4,1,39,"Jeg er bekymret for, at der vil ske mig noget dårligt",
587,4,1,6,Jeg kan ikke få dårlige eller dumme tanker ud af mit hoved,
588,4,1,34,"Når jeg har et problem, banker mit hjerte virkelig hurtigt",
589,4,1,5,Jeg kan ikke tænke klart,
590,4,1,30,"Jeg begynder pludselig at ryste, eller ryster uden grund",
591,4,1,43,"Jeg er bekymret for, at der vil ske mig noget slemt",
592,4,1,33,"Når jeg har et problem, mærker jeg at min krop ryster",
593,4,1,15,Jeg føler mig værdiløs,
594,4,1,36,Jeg bekymrer mig om at lave fejl,
595,4,1,20,Jeg skal tænke bestemte tanker (som på tal eller ord) for at forhindre dårlige ting i at ske,
596,4,1,44,"Jeg bekymrer mig om, hvad andre mennesker synes om mig",
597,4,1,1,"Jeg er bange for at være på overfyldte steder (såsom shoppingcentre, biografer, busser, travle legepladser)",
598,4,1,28,Lige pludselig føler jeg mig virkelig bange uden nogen som helst grund,
599,4,1,38,"Jeg bekymrer mig om, hvad der skal ske",
600,4,1,27,"Jeg bliver pludselig svimmel eller besvimer, uden nogen grund",
601,4,1,31,Jeg tænker på døden,
602,4,1,3,"Jeg føler mig bange, hvis jeg skal tale foran min klasse",
603,4,1,22,Mit hjerte begynder pludselig at banke for hurtigt uden nogen grund,
604,4,1,9,"Jeg føler, at jeg ikke vil bevæge mig",
605,4,1,47,"Jeg er bekymret for, at jeg pludselig får en bange følelse når der er ikke noget at være bange for",
606,4,1,19,"Jeg bliver nødt til at gøre nogle ting igen og igen (som at vaske hænder, gøre rent eller sætte ting i en bestemt rækkefølge)",
607,4,1,2,"Jeg er bange for, at jeg vil gøre mig selv til grin foran andre",
608,4,1,18,"For at forhindre at dårlige ting sker, er jeg nødt til at gøre bestemte ting på den helt rigtige måde",
609,4,1,40,"Jeg er bekymret, når jeg går i seng om aftenen",
610,4,1,25,"Jeg ville føle mig bange, hvis jeg skulle være væk hjemmefra om natten",
611,4,1,11,Jeg føler mig rastløs,
612,5,1,37,Ik maak me zorgen over dingen,
613,5,1,12,Ik voel me verdrietig of leeg,
614,5,1,35,"Als ik een probleem heb, krijg ik een raar gevoel in mijn buik",
615,5,1,45,Ik pieker er over wanneer ik denk dat ik iets niet goed heb gedaan,
616,5,1,7,Ik zou het eng vinden om alleen thuis te zijn,
617,5,1,10,Ik vind niets meer echt leuk,
618,5,1,26,Ik voel me zenuwachtig als ik een toets of een proefwerk moet maken,
619,5,1,14,Ik zit er over in wanneer ik denk dat iemand boos op me is,
620,5,1,8,Ik maak me zorgen over niet in de buurt van mijn ouders zijn,
621,5,1,4,Ik heb last van slechte of rare gedachten of beelden in mijn hoofd,
622,5,1,21,Ik heb problemen met slapen,
623,5,1,46,Ik maak me zorgen dat ik mijn werk op school slecht zal doen,
624,5,1,42,Ik maak me zorgen dat er iets ergs gaat gebeuren met iemand uit mijn gezin,
625,5,1,29,"Ik heb plotseling het gevoel alsof ik geen adem kan krijgen, terwijl er geen reden voor is",
626,5,1,17,Ik heb geen zin in eten,
627,5,1,23,"Ik moet steeds controleren of ik dingen goed heb gedaan (bijvoorbeeld of het licht uit is, of de deur op slot is)",
628,5,1,24,Ik ben bang als ik alleen moet slapen,
629,5,1,32,Ik vind het moeilijk om ’s ochtends naar school te gaan omdat ik me zenuwachtig of bang voel,
630,5,1,16,Ik heb geen energie om dingen te doen,
631,5,1,41,Ik maak me zorgen dat ik misschien stom lijk,
632,5,1,13,Ik ben erg moe,
633,5,1,39,Ik maak me zorgen dat er erge dingen met me gaan gebeuren,
634,5,1,6,Ik kan slechte of rare gedachten moeilijk uit mijn hoofd krijgen,
635,5,1,34,"Als ik een probleem heb, slaat mijn hart heel snel",
636,5,1,5,Ik kan niet helder nadenken ,
637,5,1,30,"Ik begin plotseling te beven of te trillen, terwijl daar geen reden voor is",
638,5,1,43,Ik maak me zorgen dat me iets ergs gaat overkomen,
639,5,1,33,"Als ik een probleem heb, voel ik me trillerig",
640,5,1,15,Ik heb het gevoel dat ik niets waard ben,
641,5,1,36,Ik maak me zorgen dat ik fouten maak,
642,5,1,20,Ik moet bepaalde gedachten denken (zoals getallen of woorden) om te zorgen dat er geen nare dingen gebeuren,
643,5,1,44,Ik pieker over wat andere mensen van me denken,
644,5,1,1,"Ik ben bang om op plaatsen te zijn waar veel mensen zijn, zoals een winkelcentrum, de bioscoop, bussen of drukke speeltuinen",
645,5,1,28,"Plotseling voel ik me heel bang, terwijl er geen reden voor is",
646,5,1,38,Ik maak me zorgen over wat er zal gaan gebeuren,
647,5,1,27,Ik word plotseling duizelig of slap terwijl er geen reden voor is,
648,5,1,31,Ik denk aan de dood,
649,5,1,3,Ik ben bang als ik voor de klas iets moet zegg,
650,5,1,22,Mijn hart begint plotseling te snel te kloppen terwijl daar geen reden voor is,
651,5,1,9,Ik heb een gevoel alsof ik niet wil bewegen,
652,5,1,47,Ik pieker dat ik plotseling bang zal worden terwijl er niets is om bang voor te zijn ,
653,5,1,19,"Ik moet sommige dingen steeds opnieuw doen (zoals handen wassen, dingen schoonmaken of op een bepaalde manier neerleggen)",
654,5,1,2,Ik ben bang dat ik mezelf voor gek zal zetten tegenover andere mensen,
655,5,1,18,Ik moet sommige dingen precies op de goede manier doen om er voor te zorgen dat er geen nare dingen gebeuren ,
656,5,1,40,Ik lig ’s avonds in bed te piekeren,
657,5,1,25,Ik zou bang zijn als ik een nacht van huis moest zijn ,
658,5,1,11,Ik voel me onrustig,
659,6,1,37,Ma muretsen asjade pärast,
660,6,1,12,Ma tunnen end kurva või tühjana,
661,6,1,35,"Kui mul on probleem, siis on mul kõhus imelik tunne ",
662,6,1,45,"Ma muretsen, kui mõtlen, et olen midagi kehvasti teinud",
663,6,1,7,"Ma tunneksin hirmu, kui peaksin üksi kodus  olema",
664,6,1,10,Miski pole enam eriti lõbus,
665,6,1,26,"Ma tunnen hirmu, kui pean tegema kontrolltööd",
666,6,1,14,"Ma muretsen, kui mulle tundub, et keegi on mu peale vihane",
667,6,1,8,Ma muretsen oma vanemast eemal oleku pärast,
668,6,1,4,Mind häirivad halvad või rumalad mõtted või kujutluspildid,
669,6,1,21,Mul on probleeme unega,
670,6,1,46,"Ma muretsen, et mul võib koolitööga halvasti minna",
671,6,1,42,"Ma muretsen, et kellegagi minu perest võib midagi kohutavat juhtuda",
672,6,1,29,"Ma tunnen äkki, et ei saa hingata, ehkki selleks pole mingit põhjust",
673,6,1,17,Mul on probleeme söögiisuga,
674,6,1,23,"Ma pean pidevalt kontrollima, et tegin asju õigesti (nt tule kustutamine või ukse lukustamine)",
675,6,1,24,"Ma tunnen hirmu, kui pean üksi magama",
676,6,1,32,"Mul on raske hommikuti kooli minna, sest ma olen närvis või kardan",
677,6,1,16,Mul ei jätku energiat asjade tegemiseks,
678,6,1,41,"Ma muretsen, et võin teistele rumal paista",
679,6,1,13,Ma olen kogu aeg väsinud,
680,6,1,39,"Ma muretsen, et minuga juhtub halbu asju",
681,6,1,6,Ma ei saa kuidagi halbu ja rumalaid mõtteid peast välja,
682,6,1,34,"Kui mul on probleem, lööb mu süda väga kiiresti",
683,6,1,5,Ma ei suuda selgelt mõelda,
684,6,1,30,"Ma hakkan ootamatult värisema või vappuma, kuigi selleks pole mingit põhjust",
685,6,1,43,"Ma muretsen, et minuga võib juhtuda midagi halba",
686,6,1,33,"Kui mul on probleem, siis tunnen, nagu väriseksin",
687,6,1,15,Ma tunnen end väärtusetuna,
688,6,1,36,Ma muretsen vigade tegemise pärast,
689,6,1,20,"Ma pean mõtlema kindlaid mõtteid (näiteks numbreid või sõnu), et ei juhtuks halbu asju",
690,6,1,44,"Muretsen selle pärast, mida teised inimesed minust mõtlevad",
691,6,1,1,"Ma kardan olla rahvarohketes kohtades (näiteks kaubanduskeskustes, kinos, bussides, mänguväljakutel)",
692,6,1,28,Ma tunnen ootamatult hirmu ilma mingi põhjuseta ,
693,6,1,38,"Ma muretsen selle pärast, mis võib juhtuda",
694,6,1,27,"Mul hakkab pea ootamatult ringi käima või tunnen nõrkust, ehkki selleks pole põhjust",
695,6,1,31,Ma mõtlen surmast,
696,6,1,3,"Ma tunnen hirmu, kui pean kogu klassi ees rääkima",
697,6,1,22,"Mu süda hakkab ootamatult, ilma põhjuseta, liiga kiiresti lööma",
698,6,1,9,"Ma tunnen, et ma ei taha end liigutada",
699,6,1,47,"Ma muretsen, et võin ootamatult tunda hirmu, kuigi tegelikult pole vaja midagi karta",
700,6,1,19,"Ma tunnen, et pean mingeid asju tegema ikka ja jälle uuesti (näiteks käsi pesema, koristama või asju teatud järjekorda sättima)",
701,6,1,2,"Ma kardan, et teen end teiste ees lolliks",
702,6,1,18,"Ma tunnen, et pean mingeid asju tegema täpselt õigel viisil, et halba ära hoida",
703,6,1,40,"Ma muretsen, kui lähen õhtul voodisse",
704,6,1,25,"Ma kardaksin, kui peaksin öösel kodust eemal olema",
705,6,1,11,Ma tunnen end rahutuna,
706,7,1,37,Olen huolissani asioista,
707,7,1,12,Minulla on surullinen tai tyhjä olo,
708,7,1,35,"Kun minulla on jokin ongelma, vatsassani tuntuu kummalliselta",
709,7,1,45,"Minua huolestuttaa, kun ajattelen, että olen suoriutunut jossain asiassa huonosti",
710,7,1,7,Minua pelottaisi olla yksin kotona,
711,7,1,10,Mikään ei ole enää kovin hauskaa,
712,7,1,26,"Minua pelottaa, kun täytyy mennä kokeeseen",
713,7,1,14,"Minua huolestuttaa, kun ajattelen, että joku on minulle vihainen",
714,7,1,8,Minua huolestuttaa olla poissa vanhempieni luota,
715,7,1,4,Mielessäni olevat pahat tai typerät ajatukset tai kuvat häiritsevät minua,
716,7,1,21,Minulla on nukkumisvaikeuksia,
717,7,1,46,"Olen huolissani, että pärjään huonosti koulussa",
718,7,1,42,"Olen huolissani, että jotain kamalaa tapahtuu jollekin perheenjäsenelleni",
719,7,1,29,"Minusta tuntuu yhtäkkiä ilman syytä, etten saa henkeä",
720,7,1,17,Ruokahalussani on ongelmia,
721,7,1,23,"Minun täytyy jatkuvasti tarkistaa, että olen tehnyt asiat oikein (esim. sammuttanut valot tai lukinnut oven)",
722,7,1,24,"Minua pelottaa, jos joudun nukkumaan yksin",
723,7,1,32,"Minun on vaikea mennä kouluun aamuisin, koska minua hermostuttaa tai pelottaa",
724,7,1,16,Minulla ei ole energiaa asioiden tekemiseen,
725,7,1,41,"Minua huolestuttaa, että vaikutan typerältä",
726,7,1,13,Olen todella väsynyt,
727,7,1,39,"Olen huolissani, että minulle tapahtuu pahoja asioita",
728,7,1,6,En saa pahoja tai typeriä ajatuksia pois päästäni,
729,7,1,34,"Kun minulla on jokin ongelma, sydämeni lyö todella nopeasti",
730,7,1,5,En pysty ajattelemaan selkeästi,
731,7,1,30,Alan yhtäkkiä ilman syytä vapista tai täristä,
732,7,1,43,Olen huolissani että jotain pahaa tapahtuu minulle,
733,7,1,33,"Kun minulla on jokin ongelma, tunnen oloni täriseväksi",
734,7,1,15,Minusta tuntuu arvottomalta,
735,7,1,36,"Minua huolestuttaa, että teen virheitä",
736,7,1,20,"Minun täytyy ajatella erityisiä ajatuksia (esim. numeroita tai sanoja), ettei pahoja asioita tapahtuisi",
737,7,1,44,"Minua huolestuttaa, mitä muut ihmiset ajattelevat minusta",
738,7,1,1,"Minua pelottaa paikoissa, joissa on paljon ihmisiä (esim. ostoskeskukset, elokuvateatterit, bussit, vilkkaat leikkipuistot)",
739,7,1,28,Olen yhtäkkiä todella peloissani ilman mitään syytä,
740,7,1,38,"Minua huolestuttaa, mitä tulee tapahtumaan",
741,7,1,27,Minua huimaa tai pyörryttää yhtäkkiä ilman syytä,
742,7,1,31,Ajattelen kuolemaa,
743,7,1,3,"Minua pelottaa, jos joudun puhumaan luokan edessä",
744,7,1,22,Sydämeni alkaa yhtäkkiä lyödä liian nopeasti ilman syytä,
745,7,1,9,"Minusta tuntuu, etten halua liikkua",
746,7,1,47,"Olen huolissani, että minua alkaa yhtäkkiä pelottaa, vaikkei ole mitään pelättävää",
747,7,1,19,"Minun täytyy tehdä joitain asioita uudelleen ja uudelleen (esim. pestä käsiäni, siivota tai järjestellä tavaroita tiettyyn järjestykseen)",
748,7,1,2,Minua pelottaa että nolaan itseni ihmisten edessä,
749,7,1,18,"Minun täytyy tehdä joitain asioita juuri oikealla tavalla, ettei pahoja asioita tapahtuisi",
750,7,1,40,"Olen huolissani, kun menen iltaisin nukkumaan",
751,7,1,25,"Minua pelottaisi, jos joutuisin olemaan yötä poissa kotoa",
752,7,1,11,Tunnen oloni levottomaksi,
753,8,1,37,Je m’inquiète sur les choses,
754,8,1,12,Je me sens triste ou vide,
755,8,1,35,"Quand j’ai un problème, j’ai une drôle de sensation dans l’estomac",
756,8,1,45,Je m’inquiète quand je pense que j’ai fait quelque chose avec médiocrité,
757,8,1,7,J’aurais peur d’être livré(e) à moi-même à la maison,
758,8,1,10,Rien n’est plus très amusant,
759,8,1,26,Je me sens effrayé(e) quand je dois faire un test,
760,8,1,14,Je me sens inquiet (inquiète) quand je pense que quelqu’un est fâché contre moi,
761,8,1,8,Je m’inquiète à propos d’être loin de mes parents,
762,8,1,4,Je suis tracassé(e) par des pensées ou des images mauvaises ou idiotes dans mon esprit,
763,8,1,21,J’ai du mal à dormir,
764,8,1,46,Je m’inquiète de mal faire mon travail à l’école,
765,8,1,42,Je m’inquiète que quelque chose d’affreux arrive à quelqu’un dans ma famille,
766,8,1,29,Je me sens subitement comme si je ne pouvais plus respirer quand il n’y a aucune raison pour ça,
767,8,1,17,J’ai des problèmes d’appétit,
768,8,1,23, Je dois tout le temps vérifier que j’ai fais les choses correctement (comme vérifier si la lumière est éteinte ou la porte fermée à clé),
769,8,1,24,Je me sens effrayé(e) si je dois dormir tout(e) seul€,
770,8,1,32,J’ai du mal à aller à l’école le matin car je sens nerveux(nerveuse) ou effrayé(e),
771,8,1,16,Je n’ai aucune énergie pour les choses,
772,8,1,41,Je m’inquiète d’avoir l’air bête,
773,8,1,13,Je suis énormément fatigué(e),
774,8,1,39,Je m’inquiète que de mauvaises choses m’arrivent,
775,8,1,6,J’ai l’impression de ne pas pouvoir sortir des pensées mauvaises ou idiotes de ma tête,
776,8,1,34,"Quand j’ai un problème, mon coeur bat vraiment vite",
777,8,1,5,Je ne peux pas penser clairement,
778,8,1,30,Je me mets subitement à trembler quand il n’y a aucune raison pour ça,
779,8,1,43,Je m’inquiète que quelque chose de mauvais m’arrive,
780,8,1,33,"Quand j’ai un problème, je me sens tremblant(e)",
781,8,1,15,Je me sens sans valeur,
782,8,1,36,Je m’inquiète de faire des erreurs,
783,8,1,20,Je dois réfléchir à des pensées spéciales(comme des nombres ou des mots) pour empêcher que de mauvaises choses arrivent,
784,8,1,44,Je m’inquiète de ce que les autres pensent de moi,
785,8,1,1,"Je sui effrayé(e) à l’idée d’être dans des endroits pleins de monde (comme les centres commerciaux, les cinémas, les cours d’école bondées)",
786,8,1,28,Tout d’un coup je me sens vraiment très apeuré(e) sans raison,
787,8,1,38,Je m’inquiète à propos de ce qui va se passer,
788,8,1,27,Je deviens subitement pris(e) de vertige ou d’évanouissement quand il n’y a aucune raison pour ça,
789,8,1,31,Je pense à la mort,
790,8,1,3,Je me sens effrayé(e) quand je dois parler face à ma classe,
791,8,1,22,Mon coeur se met subitement à battre trop rapidement pour aucune raison,
792,8,1,9,J’ai l’impression que je ne veux pas bouger,
793,8,1,47,Je m’inquiète d’avoir subitement une sensation effrayante quand il n’y a rien à craindre,
794,8,1,19,"Je dois faire certaines choses encore et encore (comme me laver les mains, nettoyer ou mettre les choses dans un certain ordre)",
795,8,1,2,Je me sens effrayé(e) à l’idée d’avoir bête devant les gens,
796,8,1,18,J’ai à faire certaines choses juste comme il faut pour empêcher que de mauvaises choses arrivent,
797,8,1,40,Je m’inquiète quand je vais au lit le soir,
798,8,1,25,Je me sentirais effrayé(e) si je devais rester loin de la maison pour la nuit,
799,8,1,11,Je me sens agité(e),
800,10,1,37,Ανησυχώ για πολλά και διάφορα πράγματα.,
801,10,1,12,Νιώθω λυπημένος/- η ή έχω ένα αίσθημα κενού.,
802,10,1,35,"Όταν έχω κάποιο πρόβλημα, έχω ενοχλήσεις στο στομάχι μου.",
803,10,1,45,Ανησυχώ όταν σκέφτομαι μήπως δεν τα πήγα καλά σε κάτι.,
804,10,1,7,Φοβάμαι να μείνω μόνος/-η στο σπίτι.,
805,10,1,10,Τίποτα πια δεν μου φαίνεται ευχάριστο ή διασκεδαστικό.,
806,10,1,26,Φοβάμαι όταν πρόκειται να γράψω διαγώνισμα.,
807,10,1,14,Ανησυχώ όταν σκέφτομαι ότι κάποιος είναι θυμωμένος μαζί μου.,
808,10,1,8,Ανησυχώ όταν βρίσκομαι μακριά από τους γονείς μου.,
809,10,1,4,Ενοχλούμαι από κακές ή ανόητες σκέψεις ή εικόνες που έρχονται στο μυαλό μου.,
810,10,1,21,Δυσκολεύομαι να κοιμηθώ.,
811,10,1,46,Ανησυχώ μήπως δεν θα τα πάω καλά στα μαθήματα.,
812,10,1,42,Ανησυχώ μήπως κάτι κακό θα συμβεί σε μέλος της οικογένειάς μου.,
813,10,1,29,Ξαφνικά και χωρίς λόγο αισθάνομαι να μην μπορώ να αναπνεύσω.,
814,10,1,17,Έχω προβλήματα με την όρεξή μου για φαγητό.,
815,10,1,23,Νιώθω την ανάγκη να ελέγχω ξανά και ξανά ότι έχω κάνει κάποια πράγματα σωστά (όπως ότι έχω κλείσει το διακόπτη ή έχω κλειδώσει την πόρτα).,
816,10,1,24,Φοβάμαι να κοιμηθώ μόνος/-η μου.,
817,10,1,32,Το πρωί δυσκολεύομαι να πάω στο σχολείο επειδή νιώθω άγχος ή επειδή φοβάμαι.,
818,10,1,16,Νιώθω ότι δεν έχω ενέργεια για να κάνω πράγματα.,
819,10,1,41,Ανησυχώ μήπως φαίνομαι χαζός/-ή ανόητος/-η.,
820,10,1,13,Νιώθω ότι είμαι πολύ κουρασμένος/-η.,
821,10,1,39,Ανησυχώ μήπως μου συμβούν άσχημα πράγματα.,
822,10,1,6,Δεν μπορώ να διώξω από το μυαλό μου τις κακές ή ανόητες σκέψεις που κάνω.,
823,10,1,34,"Όταν έχω κάποιο πρόβλημα, η καρδιά μου χτυπάει πολύ γρήγορα (νιώθω ταχυπαλμία).",
824,10,1,5,Δεν μπορώ να σκεφτώ καθαρά.,
825,10,1,30,Ξαφνικά και χωρίς λόγο αρχίζω να τρέμω.,
826,10,1,43,Ανησυχώ μήπως κάτι κακό μου συμβεί.,
827,10,1,33,Όταν έχω κάποιο πρόβλημα νιώθω ταραχή.,
828,10,1,15,Νιώθω ότι δεν αξίζω.,
829,10,1,36,Ανησυχώ μήπως κάνω λάθη.,
830,10,1,20,"Αισθάνομαι την ανάγκη να κάνω συγκεκριμένες σκέψεις, όπως να σκέφτομαι κάποιους αριθμούς ή λέξεις, για να μη συμβεί κάτι κακό.",
831,10,1,44,Ανησυχώ για το τί σκέφτονται οι άλλοι για μένα.,
832,10,1,1,"Φοβάμαι να βρίσκομαι σε μέρη με πολύ κόσμο (όπως σε εμπορικά κέντρα, κινηματογράφους, λεωφορεία, πολυσύχναστες παιδικές χαρές).",
833,10,1,28,Ξαφνικά και χωρίς λόγο αισθάνομαι πολύ τρομαγμένος/-η.,
834,10,1,38,Ξαφνικά και χωρίς λόγο αισθάνομαι πολύ τρομαγμένος/-η.,
835,10,1,27,Ξαφνικά και χωρίς λόγο ζαλίζομαι ή έχω τάση για λιποθυμία.,
836,10,1,31,Σκέφτομαι το θάνατο.,
837,10,1,3,Φοβάμαι όταν πρέπει να μιλήσω μπροστά σε όλη την τάξη.,
838,10,1,22,"Η καρδιά μου, ξαφνικά και χωρίς λόγο, αρχίζει να χτυπάει πολύ γρήγορα.",
839,10,1,9,"Νιώθω σαν να μην έχω ενέργεια, ή να μη θέλω, να κινηθώ.",
840,10,1,47,Ανησυχώ μήπως τρομάξω ξαφνικά χωρίς να υπάρχει κάτι να φοβηθώ.,
841,10,1,19,"Αισθάνομαι την ανάγκη να κάνω κάποια πράγματα ξανά και ξανά (π.χ. να πλένω τα χέρια μου, να τακτοποιώ τα πράγματα με ορισμένη σειρά).",
842,10,1,2,Φοβάμαι μήπως γίνω ρεζίλι μπροστά σε κόσμο.,
843,10,1,18,Αισθάνομαι την ανάγκη να κάνω κάποια πράγματα με συγκεκριμένο τρόπο για να μη συμβεί κάτι κακό.,
844,10,1,40,Ανησυχώ όταν πηγαίνω για ύπνο το βράδυ.,
845,10,1,25,Θα φοβόμουν αν έπρεπε να διανυκτερεύσω εκτός σπιτιού.,
846,10,1,11,Νιώθω ανήσυχος/-η.,